lag,mean_abs_shap_LST
t-5,0.00981813892963146
t-4,0.008435608209520051
t-3,0.004184335337206413
t-2,0.012466091014951886
t-1,0.03144878317923627
t-0,0.040237478963717876
